{
  "project_info": {
    "project_number": "499575891455",
    "project_id": "ecommerceapp-fe5a0",
    "storage_bucket": "ecommerceapp-fe5a0.appspot.com"
  },
  "client": [
    {
      "client_info": {
        "mobilesdk_app_id": "1:499575891455:android:809d8d2e41aeff613db3ca",
        "android_client_info": {
          "package_name": "com.example.ecommerceapp"
        }
      },
      "oauth_client": [
        {
          "client_id": "499575891455-755qjifu4n7a0lp1hblpbrehumrlfc91.apps.googleusercontent.com",
          "client_type": 3
        }
      ],
      "api_key": [
        {
          "current_key": "AIzaSyBxcBgkqMyOB_mexVdpilyLrSXFJ2UY1-Q"
        }
      ],
      "services": {
        "appinvite_service": {
          "other_platform_oauth_client": [
            {
              "client_id": "499575891455-755qjifu4n7a0lp1hblpbrehumrlfc91.apps.googleusercontent.com",
              "client_type": 3
            }
          ]
        }
      }
    },
    {
      "client_info": {
        "mobilesdk_app_id": "1:499575891455:android:26d9d16d7859a0a93db3ca",
        "android_client_info": {
          "package_name": "com.example.productsadder"
        }
      },
      "oauth_client": [
        {
          "client_id": "499575891455-755qjifu4n7a0lp1hblpbrehumrlfc91.apps.googleusercontent.com",
          "client_type": 3
        }
      ],
      "api_key": [
        {
          "current_key": "AIzaSyBxcBgkqMyOB_mexVdpilyLrSXFJ2UY1-Q"
        }
      ],
      "services": {
        "appinvite_service": {
          "other_platform_oauth_client": [
            {
              "client_id": "499575891455-755qjifu4n7a0lp1hblpbrehumrlfc91.apps.googleusercontent.com",
              "client_type": 3
            }
          ]
        }
      }
    }
  ],
  "configuration_version": "1"
}